<?xml version="1.0"?>
<BOOKDETAILS>
  <BOOK BOOKID="B001">
   <TITLE>ANNE OF GREEN GABLES</TITLE>
   <AFNAME>LUCY MAUD</AFNAME>
   <ALNAME>MONTGOMERY</ALNAME>
   <PRICE>150.00</PRICE>
  </BOOK>
  <BOOK BOOKID="B002">
   <TITLE>MIND READING IN PUBLIC</TITLE>
   <AFNAME>ABBOTT</AFNAME>
   <ALNAME>DAVID PHELPS</ALNAME>
   <PRICE>250.00</PRICE>
  </BOOK>
  <BOOK BOOKID="B003">
   <TITLE>THE OUTLET</TITLE>
   <AFNAME>ADAMS</AFNAME>
   <ALNAME>ANDY</ALNAME>
   <PRICE>200.00</PRICE>
  </BOOK>
</BOOKDETAILS>
