<?xml version="1.0"?>
<JOBDETAILS>
	<JOB JOBID="J001">
		<COMPANYNAME>Flamingo Inc. </COMPANYNAME>
		<JOBDESCRIPTION>MKTG MGR</JOBDESCRIPTION>
		<EXPERIENCE>3</EXPERIENCE>
		<QUALIFICATION>
			<STRICTQUALIFICATION>
				<GRADUATE>Bachelor of Commerce</GRADUATE>
				<POSTGRADUATE>Business Admin</POSTGRADUATE>
			</STRICTQUALIFICATION>			
		</QUALIFICATION>
		<CONTACTINFO>
			<EMAIL>abc@xyz.com</EMAIL>
		</CONTACTINFO>
		<SALARY>5000</SALARY>
		<JOBTYPE>PERMANENT</JOBTYPE>
	</JOB>
	<JOB JOBID="J002">
		<COMPANYNAME>ABC Inc.</COMPANYNAME>
		<JOBDESCRIPTION>Tech Writing</JOBDESCRIPTION>
		<EXPERIENCE>3</EXPERIENCE>
		<QUALIFICATION>
			<RELAXEDQUALIFICATION>
				<GRADUATE>B.A.</GRADUATE>
			</RELAXEDQUALIFICATION>			
		</QUALIFICATION>		
		<CONTACTINFO>
			<EMAIL>abc@xyz.com</EMAIL>
		</CONTACTINFO>		
		<SALARY>1200</SALARY>
		<JOBTYPE>CONTRACT</JOBTYPE>
</JOB>
</JOBDETAILS>
