<?xml version="1.0"?>
<PRODUCTDATA>
<PRODUCT>
<PRODUCTNAME>Mini Bus</PRODUCTNAME>
<DESCRIPTION>This is a toy for children aged 4 and above</DESCRIPTION>
<PRICE>75</PRICE>
<QUANTITY>54</QUANTITY>
</PRODUCT>
<PRODUCT>
<PRODUCTNAME>Race Car</PRODUCTNAME>
<DESCRIPTION>This is a toy for children aged 6 and above</DESCRIPTION>
<PRICE>14</PRICE>
<QUANTITY>150</QUANTITY>
</PRODUCT>
<PRODUCT>
<PRODUCTNAME>Baby's Rattle</PRODUCTNAME>
<DESCRIPTION>This is a toy for babies</DESCRIPTION>
<PRICE>5</PRICE>
<QUANTITY>25</QUANTITY>
</PRODUCT>
</PRODUCTDATA>
