<?xml version="1.0" ?> 
<?xml:stylesheet type="text/xsl" href="student.xsl"?>
<MARKSSUMMARY>
<STUDENT ID="S001">
	<TEST SCHEME="QUARTERLY">
		<MATHS>90</MATHS>
		<SCIENCE>100</SCIENCE>
		<SOCIALSTUDIES>90</SOCIALSTUDIES>
	</TEST>
	<TEST SCHEME="HALFYEARLY">
		<MATHS>80</MATHS>
		<SCIENCE>60</SCIENCE>
		<SOCIALSTUDIES>75</SOCIALSTUDIES>
	</TEST>
	<TEST SCHEME="FINAL">
		<MATHS>70</MATHS>
		<SCIENCE>70</SCIENCE>
		<SOCIALSTUDIES>45</SOCIALSTUDIES>
	</TEST>
</STUDENT>
</MARKSSUMMARY>
