<?xml version="1.0"?>
<!DOCTYPE hibernate-mapping PUBLIC "-//Hibernate/Hibernate Mapping DTD 3.0//EN"
"http://hibernate.sourceforge.net/hibernate-mapping-3.0.dtd">
<!-- Generated Sep 27, 2017 5:04:45 PM by Hibernate Tools 3.4.0.CR1 -->
<hibernate-mapping>
    <class name="org.me.College.FeedBack" table="FEEDBACK">
        <id name="fid" type="java.lang.String">
            <column name="FID" />
            <generator class="assigned" />
        </id>
        <property name="studentName" type="java.lang.String">
            <column name="STUDENTNAME" />
        </property>
        <property name="instructor" type="java.lang.String">
            <column name="INSTRUCTOR" />
        </property>
        <property name="subject" type="java.lang.String">
            <column name="SUBJECT" />
        </property>
        <property name="fbvalue" type="java.lang.String">
            <column name="FBVALUE" />
        </property>
    </class>
</hibernate-mapping>
