<?xml version="1.0" encoding="UTF-8"?>
<?xml-stylesheet type="text/xsl" href="Author.xsl"?>
<BOOKDETAILS>
  <BOOK BOOKID="B001">
   <BOOKNAME>ANNE OF GREEN GABLES</BOOKNAME>
   <AFNAME>LUCY MAUD</AFNAME>
   <ALNAME>MONTGOMERY</ALNAME>
   <PRICE>50.00</PRICE>
  </BOOK>
  <BOOK BOOKID="B002">
   <BOOKNAME>MIND READING IN PUBLIC</BOOKNAME>
   <AFNAME>ABBOTT</AFNAME>
   <ALNAME>DAVID PHELPS</ALNAME>
   <PRICE>250.00</PRICE>
  </BOOK>
  <BOOK BOOKID="B003">
   <BOOKNAME>THE OUTLET</BOOKNAME>
   <AFNAME>ADAMS</AFNAME>
   <ALNAME>ANDY</ALNAME>
   <PRICE>76.00</PRICE>
  </BOOK>
</BOOKDETAILS>
