<?xml version="1.0"?>
<?xml-stylesheet type="text/xsl" href="BooksCsv.xsl"?>
<BOOKS>
<BOOK BOOKID="B001">
<TITLE> IF TOMORROW COMES </TITLE>
<RATE> 10 </RATE>
<AUTHOR> 
<FIRSTNAME> SYDNEY </FIRSTNAME>
<LASTNAME> SHELDON </LASTNAME>
</AUTHOR>
</BOOK>
<BOOK BOOKID="B002">
<TITLE> LEARN XML </TITLE>
<RATE> 15 </RATE>
<AUTHOR>
<FIRSTNAME> SALLY </FIRSTNAME>
<LASTNAME> SMITH </LASTNAME>
</AUTHOR>
<AUTHOR>
<FIRSTNAME> SAM </FIRSTNAME> 
<LASTNAME> NORTON </LASTNAME>
</AUTHOR>
</BOOK>
</BOOKS>
