<?xml version="1.0" encoding="UTF-8"?>
<?xml-stylesheet type="text/xsl" href="ProductTest.xsl"?>
<PRODUCTDATA>
<PRODUCT PRODID="P001"  CATEGORY="Toy">
<PRODUCTNAME>Mini Bus</PRODUCTNAME>
<DESCRIPTION>This is a toy for children aged 4 and above </DESCRIPTION>
<PRICE>44</PRICE>
<QUANTITY>100</QUANTITY>
</PRODUCT>
<PRODUCT PRODID="P002" CATEGORY="Book">
<PRODUCTNAME>The English Patient</PRODUCTNAME>
<DESCRIPTION>This is a book set during the second world war</DESCRIPTION>
<PRICE>19</PRICE>
<QUANTITY>75</QUANTITY>
</PRODUCT>
<PRODUCT PRODID="P003" CATEGORY="Toy">
<PRODUCTNAME>Race Car</PRODUCTNAME>
<DESCRIPTION>This is a toy for children aged 12 and above</DESCRIPTION>
<PRICE>60</PRICE>
<QUANTITY>54</QUANTITY>
</PRODUCT>
</PRODUCTDATA>
