<?xml version="1.0"?>
<SUPPLIERDATA>
	<SUPPLIER SUPPID="S001">
		<FIRSTNAME> JANE </FIRSTNAME>
		<LASTNAME> PETERSON </LASTNAME>
		<ADDRESS> 10, LIONS RD, BOSTON </ADDRESS>
		<PHONE> 344-345-4456 </PHONE>
		<PRODUCT PRODID="P001">
				<PRODUCTNAME> BARBIE DOLL </PRODUCTNAME>
				<DESCRIPTION> TOY FOR CHILDREN IN THE AGE GROUP OF 5-10 </DESCRIPTION>
				<PRICE> 20 </PRICE>
		</PRODUCT>
		<PRODUCT PRODID="P002">
				<PRODUCTNAME> MINI BUS </PRODUCTNAME>
				<DESCRIPTION> TOY FOR CHILDREN IN THE AGE GROUP OF 6-11 </DESCRIPTION>
				<PRICE> 75 </PRICE>
		</PRODUCT>
		</SUPPLIER>
	<SUPPLIER SUPPID="S002">
		<FIRSTNAME> Peter </FIRSTNAME>
		<LASTNAME> Mathew </LASTNAME>
		<ADDRESS> 15, LIONS RD, BOSTON </ADDRESS>
		<PHONE> 344-345-4346 </PHONE>
		<PRODUCT PRODID="P003">
				<PRODUCTNAME> TEDDY BEAR </PRODUCTNAME>
				<DESCRIPTION> TOY FOR CHILDREN IN THE AGE GROUP OF 5-10 </DESCRIPTION>
				<PRICE> 10 </PRICE>
		</PRODUCT>
	</SUPPLIER>
	<SUPPLIER SUPPID="S003">
		<FIRSTNAME> John </FIRSTNAME>
		<LASTNAME> Norton </LASTNAME>
		<ADDRESS> 20, LIONS RD, BOSTON </ADDRESS>
		<PHONE> 344-345-2346 </PHONE>
		<PRODUCT PRODID="P001">
				<PRODUCTNAME> BARBIE DOLL</PRODUCTNAME>
				<DESCRIPTION> TOY FOR CHILDREN IN THE AGE GROUP OF 5-10 </DESCRIPTION>
				<PRICE> 20 </PRICE>
		</PRODUCT>
	</SUPPLIER>
	<SUPPLIER SUPPID="S004">
		<FIRSTNAME> Nick </FIRSTNAME>
		<LASTNAME> Mathew </LASTNAME>
		<ADDRESS> 25, LIONS RD, BOSTON </ADDRESS>
		<PHONE> 344-345-3445 </PHONE>
		<PRODUCT PRODID="P005">
				<PRODUCTNAME> TRAIN </PRODUCTNAME>
				<DESCRIPTION> TOY FOR CHILDREN IN THE AGE GROUP OF 5-10 </DESCRIPTION>
				<PRICE> 50 </PRICE>
		</PRODUCT>
	</SUPPLIER>


</SUPPLIERDATA>
			