<?xml version="1.0"?>
<BOOKDETAILS>
	<BOOK BOOKID="B001">
		<TITLE> MORNING, NOON, AND NIGHT </TITLE>
		<AFNAME> SYDNEY </AFNAME>
		<ALNAME> SHELDON </ALNAME>
		<PRICE> 10 </PRICE>
		<QUANTITY> 100 </QUANTITY>
	</BOOK>
	<BOOK>
		<TITLE> THE CLIENT </TITLE>
		<AFNAME> JOHN </AFNAME>
		<ALNAME> GRISHAM </ALNAME>
		<PRICE> 20 </PRICE>
		<QUANTITY> 250 </QUANTITY>
	</BOOK>
	<BOOK>
		<TITLE> A STRANGER IN THE MIRROR </TITLE>
		<AFNAME> SYDNEY </AFNAME>
		<ALNAME> SHELDON </ALNAME>
		<PRICE> 15 </PRICE>
		<QUANTITY> 120 </QUANTITY>
	</BOOK>
</BOOKDETAILS>