<?xml version="1.0" encoding="UTF-8"?> 
<!DOCTYPE beans PUBLIC 
"-//SPRING//DTD BEAN//EN" 
"http://www.springframework.org/dtd/spring-beans.dtd"> 
  <beans> 
   <bean id="p1" class="Product">
   <property name="product" value="Laptop"/>
   <property name="price" value="20000"/>
   <property name="quantityavail" value="20"/>
  	</bean>
  	
  <bean id="p2" class="Product">
   <property name="product" value="Mobile"/>
   <property name="price" value="25000"/>
   <property name="quantityavail" value="10"/>
  	</bean>
  	
   <bean id="b1" class="Order">
   		<property name="orderid" value="001"/>
   		<property name="qtyord" value="5"/>
   		<property name="objproduct" ref="p1"/>
   </bean>
   <bean id="b2" class="Order">
   		<property name="orderid" value="002"/>
   		<property name="qtyord" value="7"/>
   		<property name="objproduct" ref="p2"/>
   </bean>
   <bean id="b3" class="Order">
   		<property name="orderid" value="003"/>
   		<property name="qtyord" value="11"/>
   		<property name="objproduct" ref="p1"/>
   </bean>
   
   <bean id="orderlogic" class="OrderLogic">
   	<property name="items">
   	<list>
   		<ref bean="b1"/>
   		<ref bean="b2" />
   		<ref bean="b3"/>
   	</list>
   	</property>
   </bean>
</beans> 


  