<?xml version="1.0"?>
<JOBDETAILS>
	<JOB>
		<COMPANYNAME>Flamingo Inc. </COMPANYNAME>
		<JOBDESCRIPTION>MKTG MGR</JOBDESCRIPTION>
		<EXPERIENCE>3</EXPERIENCE>
		<QUALIFICATION>
			<STRICTQUALIFICATION>
				<GRADUATE>Bachelor of Commerce</GRADUATE>
				<POSTGRADUATE>Business Admin</POSTGRADUATE>
			</STRICTQUALIFICATION>			
		</QUALIFICATION>
	</JOB>
	<JOB>
		<COMPANYNAME>ABC Inc.</COMPANYNAME>
		<JOBDESCRIPTION>Tech Writing</JOBDESCRIPTION>
		<EXPERIENCE>3</EXPERIENCE>
		<QUALIFICATION>
			<RELAXEDQUALIFICATION>
				<GRADUATE>B.A.</GRADUATE>
			</RELAXEDQUALIFICATION>			
		</QUALIFICATION>		
</JOB>
</JOBDETAILS>
